season,episode_number,title,airdate,rating,total_votes,desc
1,1,Rose,2006-03-17,7.5,8533,When ordinary shop-worker Rose Tyler meets a mysterious stranger called the Doctor she is drawn into his strange and dangerous world; her life will never be the same again.
1,2,The End of the World,2006-03-17,7.5,7471,The Doctor takes Rose to the year 5 billion to witness the destruction of the Earth.
1,3,The Unquiet Dead,2006-03-24,7.5,6986,The Doctor has great expectations for his latest adventure when he and Rose join forces with Charles Dickens to investigate a mysterious plague of zombies.
1,4,Aliens of London,2006-03-31,7.0,6718,"The Doctor returns Rose to her own time - well, sort of - but her family reunion is ruined when a spaceship crashes in the middle of London. What is the origin of the spaceship, and where has the Prime Minister gone in this time of crisis?"
1,5,World War Three,2006-04-07,7.0,6514,The Slitheen have infiltrated Parliament and have the Doctor and his friends trapped as the Doctor works to prevent them from starting World War Three.
1,6,Dalek,2006-04-14,8.6,7415,"The TARDIS is drawn to an alien museum deep below the Utah desert, where a ruthless billionaire keeps prisoner the last of the Doctor's most fearsome enemies."
1,7,The Long Game,2006-04-21,7.1,6437,"In the year 200,000 the Doctor discovers that a satellite with a dark secret is controlling humanity and slowing its development."
1,8,Father's Day,2006-04-28,8.3,7077,"Rose asks The Doctor to take her to 1987, on the day her father was killed."
1,9,The Empty Child,2006-05-05,9.1,8577,"When a spaceship crashes in the middle of the London Blitz the Doctor, Rose and the enigmatic Captain Jack Harkness find themselves investigating a plague of physical injuries and a little boy in a gas mask."
1,10,The Doctor Dances,2006-05-12,9.1,7889,The gas mask zombies are on the rise as the plague spreads across war-torn London.
1,11,Boom Town,2006-05-19,7.1,6146,"Stopping off in present-day Cardiff to recharge the TARDIS, The Doctor, Rose and Jack meet up with Mickey and encounter an old foe in the midst of hatching a scheme that could destroy the entire planet."
1,12,Bad Wolf,2006-06-02,8.6,6985,"The Doctor, Rose and Jack are separated and forced to compete in twisted and deadly games on the Game Station."
1,13,The Parting of the Ways,2006-06-09,9.1,7507,"As the Dalek fleet begin their attack on the Earth, the Doctor and his allies make one final stand."
2,0,The Christmas Invasion,2006-09-29,8.1,6903,"It's Christmas Eve, but this is to be a far from silent night - the cruel Sycorax have come to Earth to enslave mankind and, as ever, only The Doctor can stop them. Unfortunately, he's lying in a coma in Jackie's home..."
2,1,New Earth,2006-09-29,7.4,6451,The Doctor and Rose arrive on New Earth and meet old friends and enemies in a hospital which can cure every disease. But the cures come at a terrible cost.
2,2,Tooth and Claw,2006-10-06,7.8,6556,"The Doctor and Rose are transported to 19th Century Scotland, where they meet Queen Victoria, and try to protect her from a ravenous werewolf and a band of assassinating warrior-monks"
2,3,School Reunion,2006-10-13,8.3,6982,"The Krillitanes - aliens with a mix-and-match physiology - are trying to crack the 'God-Maker', a paradigm to give them ultimate power. They are using children as a computer, and only the Doctor and Rose, re-united with Sarah Jane Smith and K9 can prevent them from becoming masters of time and space."
2,4,The Girl in the Fireplace,2006-10-20,9.3,10716,"The Doctor, Mickey and Rose land on a spaceship in the 51st century only to find 18th century Versailles on board, the time of Madame De Pompadour! To find out what's going on the Doctor must enter Versailles and save Madame De Popmpadour but it turns into an emotional roller coaster for the Doctor."
2,5,Rise of the Cybermen,2006-10-27,7.8,6151,"The TARDIS crash lands in London on a parallel world, where Rose's dad is still alive, people are disappearing off the streets and one of the Doctor's deadliest enemies is about to be reborn."
2,6,The Age of Steel,2006-11-03,7.9,6083,The Cybermen take control of London as the population is enslaved and the Doctor and his friends become fugitives.
2,7,The Idiot's Lantern,2006-11-10,6.8,6270,"As the coronation of Elizabeth II nears, the streets of London live in fear. Faceless people are stolen from their homes in the night and something evil is lurking in the television."
2,8,The Impossible Planet,2006-11-17,8.7,7042,"When the Doctor and Rose become stranded on a planet orbiting a black hole, they find a human expedition crew and their servants, the Ood, being terrorised by the Devil."
2,9,The Satan Pit,2006-12-01,8.8,7242,"The Doctor risks his life to investigate the pit and is forced to make a terrible decision, while Rose and the crew fend for their lives against the Legion of the Beast."
2,10,Love & Monsters,2006-12-08,6.2,7350,"Elton Pope is an ordinary man intrigued by the world of the Doctor. When he and fellow enthusiasts - L.I.N.D.A. - meet the mysterious Victor Kennedy, their lives will never be the same again."
2,11,Fear Her,2006-12-15,6.0,6528,"When children vanish into thin air in 2012 London, the Doctor and Rose find the answers in a seemingly ordinary household and a girl whose drawings can come to life."
2,12,Army of Ghosts,2006-11-22,8.5,6394,"When ghosts of loved ones appear all over the world the Doctor traces the phenomena to the Torchwood Tower, where some old friends and enemies are waiting."
2,13,Doomsday,2006-12-22,9.3,8684,"Earth becomes a battleground for the Daleks and the Cybermen. With the whole planet at stake and the Genesis Ark activated, how much will the Doctor sacrifice in order to end the war?"
3,0,The Runaway Bride,2007-07-06,7.6,6530,"The Doctor is baffled when a young woman is transported to the TARDIS on her wedding day, and attempts to find out how she is connected to an alien plot to destroy Earth."
3,1,Smith and Jones,2007-07-06,8.0,6373,"When the hospital she works at is transported to the moon, medical student Martha Jones joins forces with The Doctor to hunt down an alien fugitive before the oxygen runs out."
3,2,The Shakespeare Code,2007-04-07,7.7,6410,"The Doctor takes Martha to London in 1599, where William Shakespeare's new play is being used by three witches in an evil plan."
3,3,Gridlock,2007-04-14,8.0,6575,"The Doctor takes Martha to New Earth, where she is kidnapped by two carjackers and taken to an underground Motorway, where the remainder of humanity on the planet live in perpetual gridlock."
3,4,Daleks in Manhattan,2007-04-21,7.0,6009,"The Doctor and Martha travel to New York in 1930, where people have been mysteriously vanishing from the streets, and an old enemy resurfaces."
3,5,Evolution of the Daleks,2007-04-28,7.0,6020,"Concluding part to Daleks in Manhattan. In 1930s New York, the Daleks' plan is in full force. Faced with the cyborgs' most evil and dangerous scheme yet, will the Doctor and Martha be able to defeat their greatest opponents?"
3,6,The Lazarus Experiment,2007-05-05,6.6,6036,The famous Dr Lazarus has appeared to discover the secret of eternal youth - but do his experiments hide a sinister secret?
3,7,42,2007-05-19,7.3,5867,"On a spaceship headed straight for the centre of the sun, the Doctor only has 42 minutes to save Martha and the ship's crew from an inevitable doom."
3,8,Human Nature,2007-05-26,8.9,7556,"In 1913, Martha watches in jealousy from afar as The Doctor learns what it is to be human and to fall in love with the local school nurse, Joan Redfern."
3,9,The Family of Blood,2007-06-02,9.2,8323,"The Doctor must deal with the repercussions of his decision to become human, as The Family Of Blood unveil themselves..."
3,10,Blink,2007-06-09,9.8,20102,Sally Sparrow receives a cryptic message from the Doctor about a mysterious new enemy species that is after the TARDIS.
3,11,Utopia,2007-06-16,8.7,6749,"Soon after bumping into old friend Jack Harkness, Martha and The Doctor head off to Malcassairo, a distant planet where an old professor will do anything he can to keep his people alive..."
3,12,The Sound of Drums,2007-06-23,8.7,6809,"The Doctor, Martha and Jack return to the 21st Century eighteen months after the Doctor and Martha left. They find they've missed the election, and the new Prime Minister, Harold Saxon, is someone they've met before by another name."
3,13,Last of the Time Lords,2007-06-30,8.4,7072,"It's been a year since The Master unleashed the mysterious Toclafane onto Earth. With the human race and The Doctor enslaved under The Master's control, Martha Jones is the only person that can help stop the evil Time Lord."
4,0,Voyage of the Damned,2008-04-18,7.6,6646,"A spacecraft set on an apocalyptic collision course with Earth, a host of killer robot angels and an evil severed headed mastermind - it's just another Christmas for the Doctor... 2007 Christmas special guest starring Kylie Minogue."
4,1,Partners in Crime,2008-04-25,7.7,6280,"With a new weight-loss pill tested in London by Adipose Industries, The Doctor goes to investigate the sinister truth behind the product, only to find out that his old friend Donna Noble is investigating as well."
4,2,The Fires of Pompeii,2008-05-02,8.0,6458,"Instead of Rome, The Doctor and Donna Noble end up visiting Pompeii in AD 79, on the eve of the catastrophic eruption of Mount Vesuvius. Before anyone even knew it was actually a volcano, the entire city is doomed for destruction."
4,3,Planet of the Ood,2008-05-09,8.0,6175,"Finding themselves on the Ood-Sphere planet in the 42nd century, The Doctor and Donna discover the truth over the Ood's willingness to serve humankind."
4,4,The Sontaran Stratagem,2008-05-16,7.5,5582,UNIT's newest recruit Martha Jones enlists The Doctor's help to investigate kid genius Luke Rattigan and his ATMOS system that is used in every car on Earth.
4,5,The Poison Sky,2008-05-30,7.5,5542,"With planet Earth choking under the poison sky, the Doctor must stop the Sontarans' threat to the planet."
4,6,The Doctor's Daughter,2008-06-06,7.6,6223,"Caught in the middle of a war between the Humans and the Hath in the planet Messaline, the Doctor finds himself once again a father."
4,7,The Unicorn and the Wasp,2008-06-13,7.7,6091,"With a 1926 dinner party turning into a murder mystery, The Doctor and Donna Noble get the chance to meet Agatha Christie on the eve of her well-known 9-days disappearance."
4,8,Silence in the Library,2008-06-20,9.3,9028,The Doctor and Donna join a group of archaeologists at a 51st century library. What caused the library to become abandoned? What are the Nodes? And what links the library to one little girl? All they have is one warning - count the shadows.
4,9,Forest of the Dead,2008-06-27,9.4,9342,"With the library darkening, the Doctor takes on the Vashta Nerada while figuring out what links River Song to his future. Meanwhile, Donna finds out the mystery of Dr. Moon and the Girl."
4,10,Midnight,2008-07-11,9.0,8321,"As part of a well-deserved holiday, the Doctor takes a tour on a planet called Midnight. Little does he know that something is knocking on the walls, although the planet shouldn't be inhabited. Soon the passengers begin to panic when one of them is possessed."
4,11,Turn Left,2008-06-21,8.9,7083,"What would happen if Donna never met the Doctor? How would Earth handle the Racnoss, the falling Titanic or the Sontarans? Aided by a familiar blonde time traveler, Donna corrects the alternate time line from happening."
4,12,The Stolen Earth,2008-06-28,9.1,7014,"The return of an old enemy leaves Earth along with 26 other planets stolen from their places. As the Doctor and Donna look for the whereabouts of Earth, former companions of the Doctor assemble a resistance against the new Dalek Empire."
4,13,Journey's End,2008-07-05,9.2,8035,"In the wake of Davros' threat to destroy the existence of the Universe itself, the Doctor's companions unite to stop the Dalek empire. Which one will die by the prophecies and what will the fate be for the Doctor?"
5,1,The Eleventh Hour,2010-04-17,8.7,8016,"With his TARDIS in ruins, the newly-regenerated Doctor with the help of Amy Pond must save the world in less than twenty minutes from galactic policemen known as the Atraxi."
5,2,The Beast Below,2010-04-10,7.6,6249,"The Doctor takes Amy to the future inside Starship UK, which contains in addition to British explorers, an intimidating race known as the Smilers."
5,3,Victory of the Daleks,2010-04-17,6.7,6071,"The TARDIS takes The Doctor and Amy to war-torn Britain in the middle of World War Two. Not only do they meet Winston Churchill himself, but the Doctor comes face to face once again with his greatest enemy of all."
5,4,The Time of Angels,2010-04-24,8.7,6792,"The Doctor and Amy emerge from the TARDIS to find the wreck of the Byzantium spaceship. Down below the Weeping Angels are stirring, but the Doctor has someone else to contend with; none other than the mysterious Professor River Song."
5,5,Flesh and Stone,2010-05-01,8.5,6246,"The Doctor, Amy, Dr. Song and the remaining soldiers manage to escape from the crashed ship and into the forest. The Angels attempt to create a rift in time and space much as the Doctor had found in Amy's room when they first met. Amy meanwhile is counting down from 10 minutes and the Doctor has determined that an Angel has taken over her mind."
5,6,The Vampires of Venice,2010-05-08,7.0,5815,The Doctor and Amy cross swords in more ways than one with a horde of blood-sucking vampires in 16th century Venice.
5,7,Amy's Choice,2010-05-15,8.2,6153,"Five years after finally leaving the TARDIS Amy and Rory now married, live in the quiet little village of Leadworth. But everything is not what it would seem."
5,8,The Hungry Earth,2010-05-22,7.2,5460,"When a drill drills to deep into the earth, something that had been hibernating beneath the earth's crust is woken, and it's hungry for revenge."
5,9,Cold Blood,2010-05-29,7.4,5452,"The Silurians are awake, and Angry. The Silurians are preparing for war, A war that could decide who gets to live on earth, The Silurians or-the humans.."
5,10,Vincent and the Doctor,2010-06-05,9.3,10681,The Doctor and Amy travel back in time to meet Vincent Van Gogh and face an invisible monster that only the painter can see.
5,11,The Lodger,2010-07-10,8.1,6095,"After the TARDIS teleports without him, the doctor tries to find out what is stopping it from landing and traces it to a seemingly ordinary, two storey house."
5,12,The Pandorica Opens,2010-07-17,9.0,6930,"River Song returns to deliver The Doctor a serious warning from his allies: the mythical Pandorica, said to contain the most feared creature in the entire Universe, is opening."
5,13,The Big Bang,2010-06-26,9.1,7139,"The Pandorica opened, silence fell, and now planet Earth is left alone in the universe. Jumping through time, the doctor must figure out a way to bring back those who never were and save his friends from the collapse of reality."
6,0,A Christmas Carol,2010-12-25,8.6,7197,"on Christmas eve, The doctor travels into the past of a bitter old man who has the power to save Amy and Rory but doesn't want to save them, so that he doesn't grow up to be mean and bitter."
6,1,The Impossible Astronaut,2011-04-23,8.9,7024,"The Doctor, Amy, Rory and River Song are reunited in the Utah desert."
6,2,Day of the Moon,2011-04-30,8.8,6481,The Doctor and his allies mount a rebellion against invaders who have been controlling humanity from the very beginning.
6,3,The Curse of the Black Spot,2011-05-07,6.7,5713,"The Doctor, Amy and Rory find themselves aboard a marooned pirate ship whose crew is being picked off one by one by a beautiful - and deadly - Siren."
6,4,The Doctor's Wife,2011-05-14,9.0,7577,The Doctor is lured to a sentient asteroid outside of the Universe by a Time Lord distress signal and soon realises his TARDIS is in grave danger.
6,5,The Rebel Flesh,2011-05-21,7.2,5118,"A solar tsunami sends the TARDIS crew to an acid mining factory in the 22nd century, where a small team of workers come under attack from their doppelgangers."
6,6,The Almost People,2011-05-28,7.4,5064,The gangers and humans battle for their lives as the factory crumbles and the Doctor tries to keep the peace - can everyone make it off the island alive?
6,7,A Good Man Goes to War,2011-06-04,9.1,7277,A member of The Doctor's team has been abducted and he will call in every favor and maybe even go to war to get them back.
6,8,Let's Kill Hitler,2011-08-27,8.0,5824,"The search for Melody Pond brings the Doctor and his friends to Berlin in 1938, face-to-face with Adolf Hitler, River Song and a justice-serving, shapeshifting robot."
6,9,Night Terrors,2011-09-03,7.1,4999,"Receiving a powerful distress call from a terrified little boy, the Doctor and his friends soon find that the monsters in his cupboard are real - and deadly."
6,10,The Girl Who Waited,2011-09-10,8.4,5845,"Amy is trapped in a quarantine facility where time moves faster than in reality, while the Doctor is confined to the TARDIS. Can Rory save his wife in time?"
6,11,The God Complex,2011-09-17,8.0,5428,"The Doctor, Amy and Rory become trapped in a hotel of horrors unable to escape and unable to find the TARDIS. The Doctor must save as many people as he can taking many twists and seeing his own worst fear."
6,12,Closing Time,2011-09-24,7.6,5081,"The Doctor makes one last stop before his death to see an old friend. But people are disappearing, there are reports of a silver rat and metal men are lurking in the shadows."
6,13,The Wedding of River Song,2011-10-01,8.5,6199,"April 22nd, 2011; 5:02pm. Having finally accepted his fate the Doctor travels to Lake Silencio for his final day. But one woman refuses to let time take its course."
7,0,"The Doctor, the Widow and the Wardrobe",2011-12-25,7.2,5388,"It's Christmas Eve, 1938, when Madge Arwell comes to the aid of an injured Spaceman Angel as she cycles home. He promises to repay her kindness - all she has to do is make a wish. Three years later, a devastated Madge escapes war-torn London with her two children for a dilapidated house in Dorset. She is crippled with grief at the news her husband has been lost over the channel, but determined to give Lily and Cyril the best Christmas ever. The Arwells are surprised to be greeted by a madcap caretaker whose mysterious Christmas gift leads them into a magical wintry ..."
7,1,Asylum of the Daleks,2012-09-01,8.6,7069,"Amy, Rory and the Doctor are reunited when they are kidnapped by the Daleks, who send them on a mission to destroy the most horrifying place in the universe- the asylum of the Daleks."
7,2,Dinosaurs on a Spaceship,2012-09-08,7.4,5855,"The doctor gathers some of his old friends to help him investigate an unmanned spaceship on a crash course to earth that when it collides, will destroy it, they soon discover the ship's precious and dangerous cargo- dinosaurs."
7,3,A Town Called Mercy,2012-09-15,7.3,5606,"The Doctor gets a Stetson (and a gun), and finds himself the reluctant Sheriff of a Western town under siege by a relentless cyborg who goes by the name of The Gunslinger. But who is he and what does he want?"
7,4,The Power of Three,2012-09-22,7.5,5445,"Earth is suddenly visited by millions of small black cubes of unknown origin. The Doctor joins Amy, Rory and Rory's father, Brian, to help discover what these cubes bring for humanity."
7,5,The Angels Take Manhattan,2012-09-29,9.0,7761,"After Rory has an encounter with a weeping angel, the doctor and Amy travel to 1930's New York to save him, but they soon discover that the weeping angels have taken over Manhattan, and soon, maybe, the world."
7,6,The Snowmen,2012-12-25,8.4,6426,"London, 1892. Snow is evolving, turning into icy monstrosities, but this is no concern for the Doctor who has given up trying to save the universe, leaving it to a clever young governess named Clara to save the day."
7,7,The Bells of Saint John,2013-03-30,7.9,5555,"The doctor finds Clara in present day, where they work together to solve the mystery of people disappearing which as it turns out, has a sinister link to WiFi."
7,8,The Rings of Akhaten,2013-04-06,7.3,5995,"The doctor takes Clara to the rings of Akheten, A partly destroyed planet, where a religious ceremony is about to be carried out, but a darkness is stirring, a hungry darkness that could consume the rings of Akhetan and the universe."
7,9,Cold War,2013-04-13,7.1,5133,"The doctor and Clara find themselves on a Russian cold war submarine that is falling to the bottom of the ocean because of an attack by a rogue Martian warrior, that 's still aboard."
7,10,Hide,2013-04-20,7.7,5086,The Doctor and Clara arrive at a supposedly haunted mansion where they find a ghost hunter and a psychic who are on the search for a legendary ghost known as 'the witch of the well'
7,11,Journey to the Centre of the TARDIS,2013-04-27,7.5,5138,"After the TARDIS is caught accidentally by an outer space trash collector, Clara is trapped deep inside of it where she finds herself on a journey through the doctor's past and her future."
7,12,The Crimson Horror,2013-05-04,7.3,4910,"When they find a picture of the Doctor in a recently dead man's eye, it's up to Madame Vastra, Jenny and Strax to save The Doctor and find out what sinister secrets are going on at Sweetsville, Yorkshire."
7,13,Nightmare in Silver,2013-05-11,7.3,4937,"The Doctor takes Clara and the children she babysits to a rundown amusement park in space where Cybermen are hiding, and ready to invade the most precious place in the universe, The Doctor's mind."
7,14,The Name of the Doctor,2013-05-18,9.0,7488,"The Doctor's friends are being kidnapped, which leads him to the fields of Trenzalore, where his greatest secret will be revealed and Clara's mystery will be solved."
8,0,The Time of the Doctor,2013-12-25,8.4,6681,"The Doctor's worst enemies, The Daleks, The Cybermen, The Angels and The Silence, return, as the doctor's eleventh life comes to a close, and his twelfth life begins."
8,1,Deep Breath,2014-08-23,7.9,7684,"When the newly-regenerated doctor arrives in Victorian London, he finds a dinosaur rampant in the Thames and a spate of deadly spontaneous combustions."
8,2,Into the Dalek,2014-08-30,7.6,6088,"The Doctor's greatest enemy surrounds a rebel ship. To save everyone, he and Clara must choose to venture into the most dangerous place in the universe. The Doctor is forced to examine his conscience and ask if he is a good man."
8,3,Robot of Sherwood,2014-09-06,7.0,6230,"In Sherwood Forest, the Doctor uncovers a sinister alien plot and forms an alliance with Robin Hood. With Nottingham at stake, the Doctor must decide who is real and who is fake."
8,4,Listen,2014-09-13,8.8,7763,"When ghosts of past and future crowd into their lives, The Doctor and Clara are thrown into an adventure that takes them to the very end of the universe."
8,5,Time Heist,2014-09-20,7.9,5722,"The Doctor and Clara wake up in a room with two other people, unable to remember how they got there. As it turns out Someone known as the Architect has employed them to Break into the Universe's most secure bank."
8,6,The Caretaker,2014-09-27,7.3,5051,"The terrifying Skovox Blitzer is ready to destroy all humanity - but worse, and any second now, Danny Pink and the Doctor are going to meet."
8,7,Kill the Moon,2014-10-04,6.8,5797,"In the near future, the Doctor and Clara find themselves on a space shuttle making a suicide mission to the Moon. Crash-landing on the lunar surface they find the most terrible things."
8,8,Mummy on the Orient Express,2014-10-11,8.4,5668,"On the most beautiful train in history, speeding amongst the stars of the future, a deadly and immortal creature is stalking the passengers."
8,9,Flatline,2014-10-18,8.4,5380,"A problem happens with the Tardis, trapping the Doctor inside and leaving Clara to fend for herself against a two dimensional enemy."
8,10,In the Forest of the Night,2014-10-25,6.1,5241,"One morning in London, and every city and town in the world, the human race wakes up to the most surprising invasion yet: the trees have moved back in. Everywhere, in every land, a forest has grown and taken back the Earth."
8,11,Dark Water,2014-11-01,8.6,5678,"In the mysterious world of the Nethersphere, plans have been drawn. Old friends and old enemies manoeuvre around the Doctor, and an impossible choice is looming over him."
8,12,Death in Heaven,2014-11-08,7.8,5433,"With Cybermen on the streets of London, old friends unite against old enemies and the Doctor takes to the air in a startling new role. As the Doctor faces his greatest challenge, sacrifices must be made before the day is won."
9,0,Last Christmas,2014-12-25,8.2,5387,"The Doctor and Clara face their Last Christmas. Trapped on an Arctic base, under attack from terrifying creatures, who are you going to call? Santa Claus!"
9,1,The Magician's Apprentice,2015-09-19,8.4,5882,"When the skies of Earth are frozen by a mysterious alien force, Clara needs her friend, the Doctor. But where is he and what is he hiding from?"
9,2,The Witch's Familiar,2015-09-26,8.4,5240,"Trapped and alone in a terrifying Dalek city, the Doctor is at the heart of an evil Empire; no sonic, no TARDIS, nobody to help. With his greatest temptation before him, can the Doctor resist? And will there be mercy?"
9,3,Under the Lake,2015-10-03,8.2,5019,The Doctor and Clara find themselves on a underwater station where the crew live in fear of deadly ghosts which have taken over the station.
9,4,Before the Flood,2015-10-10,8.0,4732,"In a town that never was, the Doctor and his friends are being stalked by a mysterious figure. With the past and future in the balance, can the Doctor stop the evil Fisher King? And more importantly, who composed Beethoven's 5th."
9,5,The Girl Who Died,2015-10-17,7.5,4779,"In a Viking village, a girl named Ashildr is about to make a desperate mistake. The Mire are the deadliest mercenaries in the galaxy, famed for showing no mercy and Ashildr has just declared war on them. The Doctor and Clara have 12 hours to turn a peaceful village into strong fighters, ready for the deadly Mire."
9,6,The Woman Who Lived,2015-10-24,7.4,4640,"England, 1651. A deadly highwayman known only as 'The Knightmare' plagues the dark streets of London, his fire-breathing accomplice by his side. There's something clearly more than human here, and that includes the loot as much as the outlaws. Who are these creatures, and are they enemies to be fought, or friends who might possibly save the Doctor from certain doom on the gallows?"
9,7,The Zygon Invasion,2015-10-31,7.7,4511,"Zygons, a shape-shifting alien race, and humans live in peace together on earth, but a group of rogue zygons threaten the peace between humans and zygons."
9,8,The Zygon Inversion,2015-11-07,8.5,4899,"With the Zygons invading England, and UNIT neutralized, the Doctor stands alone to stop the Zygons from taking over the entire planet. But how can he stop the Zygons? And how can he save his friends?"
9,9,Sleep No More,2015-11-14,5.9,4971,"Vision recovered from the wreckage of Le Verrier Space Station shows how the Doctor and Clara became entangled in a rescue mission. As the footage plays out, a horrifying secret is uncovered."
9,10,Face the Raven,2015-11-21,8.5,5425,"The Doctor and Clara are called back to Earth when Rigsy discovers a strange tattoo on the back of his neck that appears to be counting down to zero. Their investigation leads them to a hidden street in the middle of London, the discovery that Rigsy has been issued a death sentence, and one of them facing the choice of having to make the ultimate sacrifice; to face the Raven!"
9,11,Heaven Sent,2015-11-28,9.6,10632,"Trapped in a world unlike any other he has seen, the Doctor faces the greatest challenge of his many lives. One final test. And he must face it alone..."
9,12,Hell Bent,2015-12-05,8.7,6132,"If you took everything from him, betrayed him, trapped him, and broke both his hearts... how far might the Doctor go? Returning to Gallifrey, the Doctor faces the Time Lords in a struggle that will take him to the end of time itself. Who is the Hybrid? And what is the Doctor's confession?"
9,13,The Husbands of River Song,2015-12-25,8.5,5260,"When a crashed spaceship calls upon the Doctor for help, he finds himself recruited into River Song's squad and hurled into a chase across the galaxy."
10,0,The Return of Doctor Mysterio,2016-12-25,7.4,4969,"In New York, with brain-swapping aliens poised to attack, the Doctor and Nardole link up with an investigative reporter and a mysterious masked superhero known only as the Ghost. Can the Doctor save Manhattan? And what will be revealed when we see behind the mask?"
10,1,The Pilot,2017-04-15,7.8,4932,The Doctor and Nardole team up with a university student to take down a sinister life-mimicking alien.
10,2,Smile,2017-04-22,7.2,4213,"The Doctor brings Bill to a future human colony, where cute EmojiBots work as willing servants and make sure everybody's happy, but if they're not happy ,they're harvested, so Bill and The Doctor better smile, or else."
10,3,Thin Ice,2017-04-29,7.3,4042,The Doctor and Bill visit London during the last of the River Thames frost fairs in February 1814. They soon discover that there is something under the ice which is causing people to disappear.
10,4,Knock Knock,2017-05-06,7.4,4002,"Bill is moving in with some friends and they've found the perfect house rented by the landlord. The wind blows, the floorboards creak and the Doctor thinks something is very wrong."
10,5,Oxygen,2017-05-13,8.0,4113,"When the Doctor, Bill and Nardole become trapped on a space station without oxygen, they discover the spacesuits are trying to kill them."
10,6,Extremis,2017-05-20,8.4,4236,"The Doctor is called by the Vatican to solve the mystery of a text called the Veritas, that when someone reads it dies soon after. But something is dwelling in the Vatican, and doesn't want the Veritas to be read."
10,7,The Pyramid at the End of the World,2017-05-27,7.7,3683,"A 5,000-year-old pyramid appears overnight, baffling everyone including the Doctor."
10,8,The Lie of the Land,2017-06-03,7.2,3581,"Earth is invaded and Bill is living alone in occupied Britain. The Doctor appears to be on the side of the enemy, flooding the airwaves with fake news. Bill and Nardole embark on a deadly mission to rescue the Doctor and lead the resistance against the new regime, whatever the cost."
10,9,Empress of Mars,2017-06-10,7.0,3536,"The Doctor, Bill and Nardole discover a tomb of the Queen of the Ice Warriors on Mars in 1881."
10,10,The Eaters of Light,2017-06-17,6.9,3519,"A long time ago, the Roman legion of the ninth vanished into the mists of Scotland. Bill has a theory about what happened, and the Doctor has a time machine. But when they arrive in ancient Aberdeenshire, what they find is a far greater threat than any army. In a cairn, on a hillside, is a doorway leading to the end of the world."
10,11,World Enough and Time,2017-06-24,9.1,4957,"Trapped on a giant spaceship, caught in the event horizon of a black hole, he witnesses the death of someone he is pledged to protect. Are events already out of control?"
10,12,The Doctor Falls,2017-07-01,8.9,4955,The Doctor makes a final stand against an army of Cybermen to protect a tiny band of humans from destruction.
11,0,Twice Upon a Time,2017-12-25,8.2,6553,"The Twelfth Doctor, still refusing to change, goes on a last adventure with the First Doctor."
11,1,The Woman Who Fell to Earth,2018-10-07,6.9,10265,"In a South Yorkshire city, Ryan Sinclair, Yasmin Khan and Graham O'Brien are about to have their lives changed forever, as a mysterious woman, unable to remember her own name, falls from the night sky."
11,2,The Ghost Monument,2018-10-14,6.0,7948,"Still reeling from their first encounter, can the Doctor and her new friends stay alive long enough, in a hostile alien environment, to solve the mystery of Desolation? And just who are Angstrom and Epzo?"
11,3,Rosa,2018-10-21,7.0,9353,"Montgomery, Alabama, 1955. The Doctor and her friends find themselves in the Deep South of America. As they encounter a seamstress by the name of Rosa Parks, they begin to wonder whether someone is attempting to change history."
11,4,Arachnids in the UK,2018-10-28,5.0,7278,"The Doctor, Yaz, Graham, and Ryan find their way back to Yorkshire only to find something is stirring amidst the eight-legged arachnid population of Sheffield."
11,5,The Tsuranga Conundrum,2018-11-04,5.0,6745,"Injured and stranded in the wilds of a far-flung galaxy, The Doctor, Yaz, Graham, and Ryan must band together with a group of strangers to survive against one of the universe's most deadly - and unusual - creatures."
11,6,Demons of the Punjab,2018-11-11,6.5,6820,"Yasmin travels in time to visit her grandmother during her youth in the partition of India, but everyone gets caught up in the tragic bloodshed of that era."
11,7,Kerblam!,2018-11-18,6.2,6004,"A mysterious message arrives in a package addressed to the Doctor, leading her, Graham, Yaz and Ryan to investigate the warehouse moon orbiting Kandoka, and the home of the galaxy's largest retailer."
11,8,The Witchfinders,2018-11-25,5.7,5660,"Arriving in 17th Century Lancashire, the TARDIS team become embroiled in a witch trial. With the arrival of King James I, the hunt for witches intensifies. However, could something more dangerous be at play? Can the Doctor, Graham, Yaz and Ryan keep the populace of Bilehurst Cragg safe from the forces surrounding the land?"
11,9,It Takes You Away,2018-12-02,6.2,5429,"On the edge of a Norwegian fjord, in the present day, The Doctor, Ryan, Graham and Yaz discover a boarded-up cottage and a girl named Hanne in need of their help. What has happened here? What monster lurks in the woods around the cottage - and beyond?"
11,10,The Battle of Ranskoor Av Kolos,2018-12-09,5.3,4959,"Answering nine separate distress calls, the Doctor and team arrive on the remnants of a brutal battlefield on the planet Ranskoor Av Kolos. This planet has many secrets. An amnesiac commander? Mysterious mists? Who or what are the Ux? A deadly reckoning awaits the Doctor and team once they have the answers...."
11,11,Resolution,2019-01-01,5.8,4862,"As the New Year begins, a terrifying evil is stirring from across the centuries of Earth's history. As the Doctor, Ryan, Graham and Yaz return home, will they be able to overcome the threat to planet Earth?"
12,1,Spyfall: Part One,2020-01-01,6.5,5596,"When intelligence agents around the world come under attack from alien forces, MI6 turns to the only person who can help... The Doctor."
12,2,Spyfall: Part Two,2020-01-05,6.4,4968,A terrifying plan to destroy humanity is about to reach fruition. Can the Doctor and her friends escape multiple traps and defeat a deadly alliance?
12,3,Orphan 55,2020-01-12,4.1,5610,"Having decided that everyone could do with a holiday, Graham accidentally teleports himself, the Doctor Yasmin and Ryan to a luxury resort for a spot of rest and relaxation. However, they discover the place where they are having a break is hiding a number of deadly secrets. What are the ferocious monsters that are attacking Tranquility Spa?"
12,4,Nikola Tesla's Night of Terror,2020-01-19,6.4,4480,"The time: the earliest years of the 20th century. The place: New York City. Inventor Nikola Tesla is at war with his rival Thomas Edison. However, there's an even greater threat in their midst."
12,5,Fugitive of the Judoon,2020-01-26,7.4,4889,"Stomping their way into present-day Gloucester, the Judoon are on the hunt for someone on the run. Who is this fugitive? And why are these alien mercenaries after them?"
12,6,Praxeus,2020-02-02,5.1,4049,The Doctor and her friends split up to investigate multiple mysteries across planet Earth. What they find will threaten all of humanity.
12,7,Can You Hear Me?,2020-02-09,5.6,3619,"From ancient Syria to present day Sheffield, and out into the wilds of space, something is stalking the Doctor and infecting people's nightmares."
12,8,The Haunting of Villa Diodati,2020-02-16,7.0,3776,"Villa Diodati, 1816 - on a night that inspired Mary Shelley's Frankenstein. The plan was to spend the evening in the presence of literary greats - but the ghosts are all too real. And the Doctor is forced into an earth-shattering decision."
12,9,Ascension of the Cybermen,2020-02-23,6.4,3530,"In the far future, the Doctor and her friends face a brutal battle across the farthest reaches of space to protect the last of the human race against the deadly Cybermen."
12,10,The Timeless Children,2020-03-01,5.1,4994,"In the epic and emotional season finale, the Cybermen are on the march. As the last remaining humans are ruthlessly hunted down, Graham, Ryan and Yaz face a terrifying fight to survive. Civilisations fall. Others rise anew. Lies are exposed, truths are revealed, battles are fought, and for the Doctor - trapped and alone - nothing will ever be the same again."
12,11,Revolution of the Daleks,2021-01-01,5.9,3053,"Robertson returns, and inadvertently gives the mutant Dalek a chance to clone itself. The Doctor escapes from her alien prison with the help of an old friend, and returns to help."
12,-1,Time Crash,2007-11-16,8.4,3112,The Tenth Doctor meets one of his previous incarnations.
12,-1,The Next Doctor,2009-06-27,7.5,4602,The Doctor arrives in London on Christmas Eve in 1851 where he encounters the Cybermen and a man who claims he's a Time Lord called the Doctor.
12,-1,Planet of the Dead,2009-07-26,7.5,4565,"A meeting in a London bus with jewel thief Lady Christina takes a turn for the worst for the Doctor when the bus takes a detour to a desert-like planet, where the deadly Swarm awaits."
12,-1,The Waters of Mars,2009-12-19,8.7,5831,In a Mars base the inhabitants are being infected by a mysterious water creature which takes over its victims. The Doctor is thrust into the middle of this catastrophe knowing a larger one is waiting around the corner.
12,-1,A Ghost Story for Christmas,2009-12-24,7.2,586,This mini-story tells of the Weeping Angels and depicts their abduction of a young woman named Julia Hardwick.
12,-1,The End of Time: Part One,2009-12-26,8.2,5325,The Ood have given a warning to The Doctor. The Master is returning yet that is not the biggest threat. A darkness is coming which brings with it The End of Time.
12,-1,The End of Time: Part Two,2010-01-02,8.9,5989,"With almost everyone on Earth now recast in his image, The Master controls the Earth. He's shocked however when he realises one person hasn't changed; Donna Noble. The Doctor soon understands what the pounding in the Master's head is; it's the Time Lords, who are trying to return and re-establish Gallifrey. If they succeed, it'll mean the Last Great Time War will re-start, and all the horrors which came with it. In order to stop Rasillon's mad plan, the Doctor must make a choice. Finally, the Ood's prophecy for the Doctor becomes true, and he takes the TARDIS on a ..."
12,-1,Prequel to the Impossible Astronaut,2011-03-25,8.0,793,The new series of Doctor Who begins with The Impossible Astronaut. But before that we have a short scene written by Steven Moffat that reveals a little of what we can expect from the adventure and what the Doctor will be facing!
12,-1,Prequel to the Curse of the Black Spot,2011-04-25,7.0,772,"The third episode of Doctor Who is a scary, action-packed adventure called The Curse of the Black Spot. What evil lurks for the crew in the darkness? Come aboard and watch the spine-chilling prequel to The Curse of the Black Spot."
12,-1,Prequel to A Good Man Goes to War,2011-05-28,7.5,889,"As the Doctor prepares to face his darkest hour, key players conspire and a grim warning is given..."
12,-1,Prequel to Let's Kill Hitler,2011-08-15,7.6,864,"The battle of Demon's Run has been fought but the stakes are now higher than ever! As the TARDIS crosses the universe, the Doctor receives a heart-breaking message from Amy... Their adventure continues in this brilliant Prequel written by Steven Moffat."
12,-1,Prequel to the Wedding of River Song,2011-09-24,7.5,741,"The Doctor's time is running out and he faces a date with death by the shores of Lake Silencio - Meanwhile, in the presence of an old enemy, we hear a prophesy that will change everything."
12,-1,"Prequel to the Doctor, the Widow and the Wardrobe",2011-12-06,7.3,750,"Written by Steven Moffat and starring Matt Smith as the Doctor, this exciting Prequel shows what was happening to the Time Lord moments before the explosive start of the Christmas Special!"
12,-1,Prequel to Asylum of the Daleks,2012-09-02,7.7,542,The Doctor receives a message from a mysterious hooded stranger - a woman called Darla Von Karlsen wants to meet him...
12,-1,The Making of the Gunslinger,2012-09-16,6.9,489,"A detailed explanation of the creation of the Gunslinger and all the factors that went into selecting the ""participants""."
12,-1,The Great Detective,2012-11-16,7.6,825,"Matt and Jenna introduce the Doctor Who Christmas Prequel, The Great Detective, in which Vastra, Jenny and Strax try to persuade the grumpy Doctor to engage again."
12,-1,Vastra Investigates: A Christmas Prequel,2012-12-17,7.5,608,"Madame Vastra finishes a case with Scotland Yard, but continues to worry about The Doctor."
12,-1,The Bells of Saint John: A Prequel,2013-03-23,7.9,636,"A look at the opening of the first episode of the new season, The Bells of Saint John."
12,-1,The Battle of Demon's Run: Two Days Later,2013-03-25,7.6,542,"In the aftermath of the battle of Demons Run, a battle-scarred Strax lies dying on the floor - or has he just fainted..."
12,-1,"She Said, He Said: A Prequel",2013-05-11,7.5,626,"The Doctor and Clara each deliver a separate monologue summing up their thoughts on each other before the events of ""The Name of the Doctor."""
12,-1,Clarence and the Whispermen,2013-05-26,6.9,512,The Whispermen visits Clarence in his cell.
12,-1,Clara and the Tardis,2013-09-24,7.9,710,"Clara has a conversation with the TARDIS, and encounters a surprise."
12,-1,Rain Gods,2013-09-24,7.5,583,The Doctor and River are about to be sacrificed to the Rain Gods of an unknown planet and the Doctor must come up with a plan to save themselves.
12,-1,The Inforarium,2013-09-24,7.6,506,"In the Doctor's quest to delete all information on him in the universe, he visits the Inforarium, a universal database, in hope to erase himself from it."
12,-1,The Night of the Doctor,2013-11-14,9.1,3649,"With the aid of the Sisterhood of Karn, the Eighth Doctor regenerates into the War Doctor."
12,-1,The Day of the Doctor,2013-11-23,9.3,18006,"In 2013, something terrible is awakening in London's National Gallery; in 1562, a murderous plot is afoot in Elizabethan England; and somewhere in space an ancient battle reaches its devastating conclusion."
12,-1,Prologue,2015-09-11,7.8,570,"Doctor Who Season 9 starts here with this prologue to Episode 1, ""The Magician's Apprentice""."
12,-1,The Doctor's Meditation,2015-09-15,7.7,646,The Doctor contemplates a journey to see an old acquaintance and digs a well.
12,-1,Friend from the Future,2016-04-23,7.3,411,"The Doctor and Bill are chased by a group of Daleks in a short introductory video to present Bill, the new companion, to audiences for the first time."
